iso2,climvar_pct
AO,23.547003833148132
AR,11.000985515669278
AU,30.190831106894855
AT,30.701188146137774
AZ,25.13268765098299
BS,34.818490477924755
BH,24.97049530096305
BE,36.17597537441883
BJ,107.38985469042214
BM,21.419030819313587
BW,27.76596887602182
BR,20.63207536351237
BG,55.73791064556689
CM,39.33235921040544
CA,48.93089868818646
OT,13.200458176480119
KY,25.34798116904427
TD,29.742652357609867
CL,19.154129191557843
CN,55.774306697742325
HK,12.577101385569454
CO,54.609238277530366
CR,12.693888848314971
CI,16.0680900427312
HR,40.823003119703095
AN,36.62457690644846
CY,63.61645813919161
CZ,51.68924587000475
CD,318.6734085243933
DK,55.3525368366637
DO,31.198319982474658
EC,51.427965993840786
EG,4.895009446351904
EE,77.54735517351664
SZ,25.062364859054654
ET,25.70672276783256
FI,30.14674832650275
FR,27.78659060497789
PF,17.169244948503216
GE,30.18809747012988
DE,65.91422607030724
GH,23.25562948858547
GR,54.05731296919994
GU,12.046495784085128
GT,31.721967949539923
HU,41.97537193023793
IS,38.68552207309212
IN,134.19602331015628
ID,16.821281952839207
IE,86.40267678728111
IL,11.39687638499181
PS,24.12179104925759
IT,40.67667856044185
JM,33.9094812157339
JP,32.91857706560381
JO,5.478470841176072
KE,21.546884949413492
KW,20.432082545584365
LV,22.353307205489124
LB,28.480321400945126
LY,33.44314809736814
LT,26.198117809952947
LU,28.75545280756891
MG,83.02561178175372
MW,33.000193128304446
MY,6.47823384778161
MT,54.573451556137194
MU,33.42126255225233
MX,19.78498652074136
MA,9.105325563987082
MZ,18.024190233177006
MM,5.484541627767046
NL,70.65104460149698
NZ,25.138584921600533
NG,32.48595878691457
NO,46.48822344219132
OM,21.226701313648878
PA,20.436522544664793
PE,24.60662038102866
PH,33.1193895924592
PL,81.39484351840211
PT,41.23152584471951
PR,26.455482299880796
QA,20.04235208313927
CG,325.00815601766584
RO,35.878508454488774
RU,13.174210109968143
UA,18.050455474714745
RW,35.976348651319995
SA,5.943599495818655
SL,43.67771822715662
SG,24.24235407537396
SK,54.18595860821402
SO,64.57552421419413
ZA,47.57470979406113
KR,18.75767364311823
SS,36.75884643944051
ES,28.45160122039582
SD,158.95606615105964
SE,38.08999780145945
CH,30.507571715924247
TW,12.431714206088877
TZ,23.170785581259736
TH,520.6660848469023
TG,27.522114968224503
TT,35.186036655940136
TN,11.990256142878865
TR,10.84881611817655
UG,41.98560801862904
AE,18.132394661222644
GB,48.7862201736882
GG,23.392861441020553
US,27.599819044017963
UY,11.90581877894693
VE,34.069986119640554
VN,7.7828460462510565
ZM,77.37521183352541
ZW,50.40144044367509
