iso2,climvar_busd
AO,0.000569204
AR,0.010413681
AU,1.873758767
AT,0.12583983
AZ,0.002964461
BS,0.009730773
BH,0.075492887
BE,0.126610501
BJ,0.00033166
BM,0.004969505
BW,0.000101638
BR,0.179794225
BG,0.029703871
CM,0.001516361
CA,1.481175965
OT,0.058159178
KY,0.001500759
TD,0.000302898
CL,0.052421109
CN,31.1275148
HK,0.410884158
CO,0.027622422
CR,0.001622011
CI,0.000600084
HR,0.037001238
AN,0.002059749
CY,0.008459549
CZ,0.212324368
CD,0.000661619
DK,0.164953963
DO,0.000737131
EC,0.003091806
EG,0.000572399
EE,0.031575479
SZ,0.000142298
ET,0.001544622
FI,0.259224143
FR,1.179080836
PF,0.000988367
GE,0.00363641
DE,3.531261515
GH,0.002039607
GR,0.063425896
GU,0.00184032
GT,0.000672256
HU,0.041827126
IS,0.110174866
IN,6.025322992
ID,0.255610863
IE,3.889403516
IL,0.095032039
PS,0.016188545
IT,0.738436284
JM,0.001414456
JP,3.511412044
JO,0.001787374
KE,0.013379246
KW,0.006925864
LV,0.009523949
LB,0.001792543
LY,3.58581E-05
LT,0.013107334
LU,0.089356173
MG,0.000134258
MW,0.000198821
MY,0.059903508
MT,0.003474842
MU,0.003773533
MX,0.083310559
MA,0.001767893
MZ,0.00054197
MM,6.48087E-05
NL,2.819343106
NZ,0.017317162
NG,0.015398242
NO,0.977362898
OM,0.003695372
PA,0.004020749
PE,0.011427421
PH,0.264897771
PL,1.098856735
PT,0.116186478
PR,0.013975331
QA,0.004995556
CG,0.00348811
RO,0.01452485
RU,0.295136378
UA,0.019652171
RW,8.63494E-05
SA,0.070647936
SL,0.000377337
SG,1.578010254
SK,0.03725343
SO,0.000727693
ZA,0.131742171
KR,0.766094795
SS,9.77935E-05
ES,0.409656953
SD,0.015343057
SE,0.311702348
CH,0.412689235
TW,0.133694721
TZ,0.001212207
TH,4.100482326
TG,0.000315318
TT,0.009555754
TN,0.000657919
TR,0.061561414
UG,0.003776617
AE,0.353963595
GB,4.475478422
GG,0.001392013
US,19.43766949
UY,0.001256832
VE,0.002307193
VN,0.013998683
ZM,0.001895185
ZW,0.00024091
